Code,FLEET NO.,REG NO.,OLB NO.,EXPIRY DATE,NOTE
,1901,CA248115,507424/2,,
,1902,CA248708,504229/3,,
,1903,CA248894,506700/4,,
,1904,CA249641,503985/5,,
,1905,CA249741,503829/2,,
,1906,CA250086,507616/4,,-vehicle copy
,1907,CA250106,507587/4,,
,1908,CA250159,507514/4,,
,1909,CA250419,507657/4,,
,1910,CA250638,506716/4,,
,1911,CA461481,504209/3,,
,1912,CA461571,503874/3,,
,1913,CA461786 ,504152/4,,
,1914,CA461811,507732/2,,
,1915,CA462053,507614/4,,
,1916,CA462174,504029/5,,
,1917,CA462330,509770/2,,
,1918,CA462846,507471/2,,
,1919,CA463121,507742/3,,
,1920,CA463094,507434/2,,
,1921,CA406957,5074146/3,,
,1922,CA407491,507435/3,,
,1923,CA474141,507434/5,,
,1924,CA478226,507487/3,,
,1925,CA498183,503867/6,,
,1926,CA498976,503868/6,,
,1927,CA398539,503983/3,,
,1928,CA400132,507650/4,,
,1929,CA77804,1951729,31/07/2030,
,1930,CA995406,504982/5,,
,1931,CA927245,507411/4,,
,1932,CA5500208,504221/2,,
,1933,CA330822,507519/6,,
,1934,CA100110,505437/4,,
,1935,CA292805,503960/6,,
,1936,CA298158,1893639/0,,
,1937,CA571757,506049/4,,
,1938,CA580002,504165/5,,
,1939,CA591995,504032/6,,
,1940,CA602996,506056/5,,
,1941,CA40076,503886/3,,
,1942,CA86482,506432/5,,
,1943,CA12932,507575/7,,
,1944,CA406601,509779/3,,
,1945,CA12959,507719/5,,
,1946,CA12964,507630/5,,
,1947,CA13028,507511/5,,
,1948,CA13180,Scrapped,2018/09/05,
,1949,CA13538,506706/5,,
,1950,CA194744,504216/5,,
,2040,CAA248781,507422/7,,
,2041,CAA248773,507557/5,,
AG,2501,CA516164,507557/5,,Copy ?
AG,2502,CA529438,1794866/3,31/12/2028,
AG,2503,CA538004,506055/5,,
AG,2504,CA557813,1920670/2,28/02/2025,
AG,2505,CA571930,507544/5,,
AG,2506,CA577537,504168/3,,DUPLICATE TO SOLO
AG,2507,CA649800,507410/5,,
AG,2508,CA693585,506569/5,,
AG,2509,CA706443,504971/6,,
AG,2510,CA723932,505822/5,,
AG,2511,CA723967,507533/5,,
SG,2512,CA724066,REPLACEMENT IN PROGRESS,,
SG,2513,CA724079,507545/4,,
SG,2514,CA724078,REPLACEMENT IN PROGRESS,,
SG,2515,CA723904,505434/6,,
SG,2516,CA72392,507411/4,,
AG,2517,CA724058,507546/5,,
SG,2518,CA723995,504217/3,,
PH,2519,CA723992,508003/5,,
SG,2520,CA723982,1794859/3,30/09/2028,
PH,2521,CA724017,N/A,,PERMIT NOT IN FILE
PH,2522,CA724021,504007/5,,
PH,2523,CA724028,508580/5,,
PH,2524,CA724050,507660/5,,
PH,2525,CA724057,503937/5,,
SG,2600,CA382608,1864551/1,31/08/2028,
SG,2601,CA416251,503778/5,,
SG,2602,CA406704,507574/4,,
PH,2603,CA418855,1865413/1,31/05/2029,
PH,2604,CA393081,503761/5,,
AG,2605,CA294642,1866652/1,30/09/2028,
PH,2606,CA543414,1847047/1,31/10/2025,
PH,2607,CA554289,1864548/1,30/11/2028,
PH,2608,CA695460,1864571/1,31/08/2028,
AG,2609,CA682914,1865424/1,31/08/2028,
AG,2610,CA699500,186541/1,,
PH,2611,CA415750,507679/4,,
PH,2612,CA416049,507677/4,,
PH,2613,CA418430,5074673/4,,
PH,2614,CA518189,507476/2,,
PH,2615,CA518048,507595/3,,
AG,2616,CA922302,1834172/1,31/01/2025,
SG,2617,CA921507,1834168/1,28/02/2025,
SG,2618,CA922284,1834163/1,31/01/2025,
SG,2619,CA922085,1834165/1,31/01/2025,
PH,2620,CA961950,1834224/1,31/01/2025,
,2801,CA422437,5004030/5,,
,2802,CA419568,508579/5,,
,2803,CA415604,506705/4,,
,2804,CA412533,506719/4,,
,2805,CA62537,1862229/4,,
,2806,CA63436,504031/5,,
,2807,CA63568,504129/4,,
,2808,CA143056,503821/2,,
,2809,CA20479,SOLD,04/12/2015,
,2810,CA63733,503841/3,,
,2811,CA63723,504002/2,,
,2812,CA222473,1773785/4,31/10/2029,
,2813,CA222541,504131/5,,
,2814,CA222938,1899316/1,31/07/2030,
,2815,CA222625,507699/2,,
,2816,CA222781,507433/4,,
,2817,CA266847,507696/4,,
,2818,CA267123,508011/4,,
,2819,CA323778,503965/4,,
,2820,CA323787,507709/4,,
,2821,CA323802,508577/3,,
,4131,CA438674,504048/6,,
,4133,CA459523,1805238/2,,
,4137,CA480983,1794867/2,,
,4151,CA743716,507610/4,,
,4152,CA743724,SOLD,25/05/2023,
,4153,CA743739,1805805/2,31/10/2028,
,4154,CAA497069,SOLD,10/07/2023,
,4155,CA743767,1807104/2,30/09/2029,
,4156,CA743769,SOLD,30/01/2023,
,4157,CA743777,504133/5,,
,4161,CA749346,507600/5,,
,4162,CAA496062,SOLD,25/07/2023,
,4163,CA749363,5504972/6,,
,4164,CA749389,507589/5,,
,4165,CA749400,SCRAPPED,06/10/2020,
,4166,CA749414,506701/5,,
,4167,CA749,SOLD,22/08/2023,
,4168,CA749438,506699/0,,
,4169,CA7474488,SCRAPPED,15/03/2023,
,4170,CAA497072,SOLD,25/07/2023,
,4171,CA787026,SOLD,27/02/2023,
,4172,CA787016,1805233/2,31/07/2029,
,4173,CA787010,SOLD,22/08/2023,
,4174,CAA496064,SOLD,03/08/2023,
,4175,CA255127,503759/4,,
,4176,CA233436,505436/5,,
,4178,CA211737,74606177/2,,
,4179,CA212676,507536/5,,
,4180,CA201429,507964/4,,
PH,4181,CA187171,507737/5,,
,4182,CA174646,SCRAPPED,18/08/2023,
,4183,CA257422,SOLD,15/03/2023,
SG,4184,CA243392,507572/5,,
PH,4185,CA310895,504192/5,,
SG,4186,CA287799,506431/5,,
PH,4187,CA266756,507438/5,,
SG,4188,CA342317,503992/3,,
PA,4189,CA357073,506060/5,,
,4190,CA349719,SCRAPPED,26/10/2011,
PH,4191,CA341757,507707/5,,
SG,4192,CA256666,507612/3,,
SG,4193,CA227608,503993/3,,
SG,4194,CA826556,506697/5,,
SG,4195,CA826552,503971/3,,
SG,4196,CA826541,503930/3,,
SG,4197,CA826531,503854/3,,
,4198,CA826515,SCRAPPED,05/06/2015,
SG,4199,CA826505,507576/5,,
SG,4200,CA826499,507814/5,,
PH,4201,CA826495,507815/5,,
SG,4202,CA826488,507817/5,,
PH,4203,CA826476,507818/4,,
SG,4204,CA294761,503843/4,,
PH,4205,CA297395,74606189/2,,
SG,4206,CA300849,74606183/2,,
PH,4207,CA318597,74606186/2,,
SG,4208,CA322455,504184/5,,
,4209,CA326596,SCRAPPED,25/11/2010,
SG,4210,CA338957,74606184/2,,
PH,4211,CA285410,507754/3,,
SG,4212,CA334124,507527/5,,
PH,4213,CA834196,507470/5,,
SG,4214,CA246108,74606190/2,,
PH,4215,CA259920,507535/5,,
,4216,OABSIWP,SCRAPPED,06/08/2009,
PH,4217,CA309050,503762/5,,
SF,4218,CA326888,74606402/2,,
PH,4219,CA376192,504158/4,,
SG,4220,CA40228,74606318/2,,
PH,4221,CA420721,1806089/2,,
SG,4222,CA432705,N/A,,PERMIT NOT IN FILE ?
PH,4223,CA465001,507563/7,,
SG,4224,CA52604,1863163/1,30/07/2028,
,4225,CA52759,SCRAPPED,01/02/2019,
SG,4226,CA52840,1864042/1,31/08/2028,
PH,4227,CA51776,1859409/1,30/04/2028,
SG,4228,CA52491,1806580/2,30/09/2029,
PH,4229,CA51911,1862746/1,30/07/2028,
SG,4230,CA52320,1863165/1,31/07/2028,
PH,4231,CA91498,1807134/2,30/09/2029,
SG,4232,CA91902,1896624/1,31/08/2027,
PH,4233,CA91832,1773625/3,31/07/2029,
SG,4234,CA91717,1773708/3,30/11/2029,
PH,4235,CA101111,1773707/3,31/07/2029,
SG,4236,CA100952,1773706/3,30/11/2029,
PH,4237,CA177381,1773700/3,31/07/2029,
SG,4238,CA177465,1773696/3,31/07/2029,
PH,4239,CA177500,1896625/1,30/09/2027,
SG,4240,CA177532,1773729/3,31/07/2029,
,4241,CA177557,17737725/3,31/01/2030,
,4242,CA177650,1773722/3,30/09/2029,
,4243,CA177807,1806093/2,30/11/2029,
,4244,CA177849,1773721/3,31/08/2029,
,4245,CA177873,507724/5,,
,4246,CA177991,SOLD,13/11/2020,
,4247,CA178082,1847043/3,31/08/2027,
,4248,CA178127,1773694/3,31/08/2029,
,4249,CAA66063,SOLD,26/03/2023,
,4250,CAA108946,1806088/3,30/11/2029,
,4251,CAA105495,1794869/3,30/08/2028,
,4261,CA506975,1773580/3,30/11/2029,
,4262,CA506979,1773689/3,30/09/2029,
,4263,CA506957,1773683,31/01/2030,
,4264,CA506929,SCRAPPED,07/12/2020,
,4265,CA506885,1773349/3,31/01/2030,
,4266,CA506843,SCRAPPED,01/03/2018,
,4267,CA506814,1773345/3,31/07/2029,
,4268,CA506797,SCRAPPED,10/05/2019,
,4269,CA515735,1773444/3,31/01/2030,
,4270,CA515427,1773434/3,31/07/2029,
,4271,CA515456,1773338/3,31/07/2029,
,4272,CA515482,1773337/3,31/08/2029,
,4273,CA515515,1773334/3,31/07/2029,
,4274,CA515549,SCRAPPED,10/03/2022,
,4275,CA515597,1773321/3,31/08/2029,
,4276,CA515639,1773424/3,31/01/2030,
,4277,CA515654,1773319/3,31/08/2029,
,4278,CA515698,1773318/3,31/07/2029,
,4279,CA515714,SCRAPPED,31/05/2016,
,4280,CA515813,1773782/3,31/08/2029,
,4281,CA534496,1773512/3,31/07/2027,
,4282,CA534568,1773775/3,30/09/2029,
,4283,CA534290,1805324/2,31/07/2029,
,4284,CA534173,1773773/3,31/08/2029,
,4285,CA534213,1773769/3,30/09/2029,
,4286,CA534244,SCRAPPED,25/08/2023,
,4287,CA534274,1773758/3,30/09/2029,
,4288,CA534494,1823365/1,31/01/2024,
,4289,CA534324,1773750/3,31/01/2030,
,4290,CA534313,1824796/1,31/05/2024,
,4291,CA470467,1773748/3,31/08/2029,
,4292,CA486968,1773743/3,31/01/2030,
,4293,CA497214,1773313/3,31/07/2029,
,4294,CA543467,1773312/3,31/07/2029,
,4295,CA543608,1773311/3,31/08/2029,
,4296,CA543729,1773307/3,31/07/2029,
,4297,CA543745,SCRAPPED,30/10/2009,
,4298,CA543764,SCRAPPED,25/11/2010,
,4299,CA543784,1804887/2,31/03/2030,
,4300,CA543828,SCRAPPED,25/05/2022,
,4301,CA1871114,1773623/3,31/01/2030,
,4302,CA204256,1773620/3,31/03/2030,
,4303,CA207173,1896620/2,31/08/2027,
,4304,CA419739,1773619/3,31/08/2029,
,4305,CA264617,SCRAPPED,31/05/2016,
,4306,CA306646,1773619/3,30/11/2029,
,4307,CA343829,SCRAPPED,31/12/2015,
,4308,CA40520,1773610/3,31/01/2030,
,4309,CA379561,1773596/3,30/09/2030,
,4310,CA394503,1773590/3,31/01/2030,
,4311,CA561905,SCRAPPED,07/06/2018,
,4312,CA565367,1896622/1,31/05/2027,
,4313,CA562006,1773811/3,31/01/2030,
,4314,CA562053,1773503/3,31/01/2030,
,4315,CA562090,1804935/2,31/01/2030,
,4316,CA562128,1887361/1,30/09/2029,
,4317,CA562155,SCRAPPED,20/10/2022,
,4318,CA562189,1804942/2,31/01/2030,
,4319,CA56225,1806936/3,31/10/2029,
,4320,CA562291,1804931/2,31/01/2030,
A,4321,CA562323,1804908/2,31/01/2030,
A,4322,CA562350,1896628/1,30/09/2027,
A,4323,CA562359,1804875/2,30/09/2029,
A,4324,CA562381,1896629/1,31/08/2027,
A,4325,CA562415,1896627/1,31/10/2027,
A,4326,CA565426,1806935/2,30/09/2029,
A,4327,CA565447,1899818/1,31/08/2028,
A,4328,CA565455,1804879/2,31/08/2029,
A,4329,CA565320,1896616/1,31/08/2027,
A,4330,CA565330,1804878/2,30/09/2029,
A,4331,CA18110,1804877/2,30/09/2029,
,4332,CA199701,SCRAPPED,30/07/2019,
A,4333,CA214216,1804952/2,31/08/2029,
,4334,CA229528,SCRAPPED,07/02/2023,
A,4335,CA250035,1773648/3,30/09/2029,
,4336,CA00000,SCRAPPED,15/07/2014,
A,4337,CA273737,1773643/3,31/08/2029,
A,4338,CA30134,1773641/3,30/11/2029,
A,4339,CA316615,1773369/4,30/09/2030,
A,4340,CA367926,1773464/3,30/09/2029,
A,4341,CA388626,1773374/3,31/08/2029,
A,4342,CA21129,1773367/3,31/08/2029,
A,4343,CA199234,1773681/4,31/01/2030,
A,4344,CA174385,1896621/1,30/09/2027,
A,4345,CA158343,1773359/3,30/09/2029,
A,4346,CA156624,1773354/3,31/07/2029,
A,4347,CA150845,1773421/3,30/09/2029,
,4348,CA132545,SCRAPPED,09/04/2015,
A,4349,CA123512,1773410/3,31/07/2029,
,4350,CA581815,SCRAPPED,2015/03/12,
A,4351,CA370688,1804953/2,30/09/2029,
A,4352,CA387177,1804954/2,31/07/2029,
A,4353,CA397814,1784725/3,30/09/2029,
A,4354,CA42318,504145/3,,
A,4355,CA51187,REPLACEMENT IN PROGRESS (4162),,
A,4356,CA426479,1806882/2,30/09/2029,
A,4357,CA496063,504012/3,,
A,4358,CA592749,504138/3,,
A,4359,CA514156,1806880/2,30/09/2029,
A,4360,CA543334,503970/3,,
,4361,CA565078,SCRAPPED,26/10/2011,
A,4362,CA592526,504005/5,,
A,4363,CA592553,503782/3,,
A,4364,CA592568,507588/6,,
A,4365,CA592581,504202/5,,
A,4366,CA592596,507652/5,,
A,4367,CA592607,503922/6,,
A,4368,CA592660,507493/3,,
A,4369,CA592704,503766/3,,
A,4370,CA592820,507622/5,,
A,4371,CA626504,1773400/3,31/01/2030,
,4372,CA622187,SCRAPPED,30/09/2029,
A,4373,CA619367,1773642/3,30/09/2029,
A,4374,CA615852,1773636/3,31/07/2027,
,4375,CA376386,SCRAPPED,03/11/2015,
A,4376,CA606628,1773637/3,31/07/2029,
A,4377,CA603957,1773635/3,31/08/2029,
A,4378,CA596854,1773634/3,31/07/2029,
A,4379,CA594361,1899322/2,31/07/2030,
A,4380,CA589282,1896619/1,31/08/2029,
A,4381,CA12764,1773817/3,31/08/2027,
A,4382,CA231015,1773816/3,30/09/2029,
A,4383,CA245404,1773678/3,31/08/2029,
A,4384,CA21356,1804949/2,30/09/2029,
A,4385,CA206053,1773676/3,31/08/2029,
A,4386,CA203747,1773674/3,31/01/2030,
A,4387,CA198574,1773640/3,31/08/2029,
A,4388,CA19420,1804943/2,31/07/2029,
A,4389,CA667557,1773667/3,31/07/2029,
A,4390,CA188770,1899819/1,31/07/2030,
A,4391,CA16789,1804948/2,31/07/2029,
,4392,CA159114,SCRAPPED,13/01/2021,
A,4393,CA156086,1907764/0,31/01/2024,
A,4394,CA143526,1804941/2,31/01/2030,
A,4395,CA154962,1773429/3,31/01/2030,
A,4396,CA142851,1804932/2,31/01/2030,
A,4397,CA143733,1899321/1,31/07/2030,
A,4398,CA144315,1804936/2,31/07/2029,
A,4399,CA149737,1804940/2,31/07/2029,
,4400,CA152525,1773651/3,,
,4401,CA156682,504128/4,,
,4402,CA157329,SCRAPPED,30/06/2015,
,4403,CA161232,1773447/3,31/01/2030,
,4404,CA161724,1773663/3,30/09/2029,
,4405,CA166405,1773653/3,30/09/2029,
,4406,CA171810,1773649/3,31/08/2029,
,4407,CA178425,SCRAPPED,07/10/2020,
,4408,CA180963,1773628/3,31/08/2029,
,4409,CA187703,1773629/3,30/09/2029,
,4410,CA191845,1773627/3,30/09/2029,
,4411,CA222876,1773652/3,31/09/2029,
,4412,CA206028,1773646/4,30/09/2029,
,4413,CA205226,1804923/2,30/09/2029,
,4414,CA201321,1896631/1,30/09/2027,
,4415,CA197477,1807133/2,30/09/2029,
,4416,CA194797,1824790/1,31/05/2024,
,4417,CA187218,504137/3,,
,4418,CA183717,1804925/2,31/08/2029,
,4419,CA144495,SCRAPPED,24/05/2018,
,4420,CA119971,504979/5,,
,4421,CA116197,1804918/3,30/09/2029,
,4422,CA116967,1794877/3,31/10/2028,
,4423,CA103190,507637/5,,
,4424,CA176301,507729/5,,
,4425,CA10846,503785/3,,
,4426,CA665265,507437/5,,
,4427,CA663887,SCRAPPED,15/07/2014,
,4428,CA661857,1805220/2,31/03/2030,
,4429,CA654247,503901/3,,
,4430,CA646100,1804919/2,31/01/2030,
,4431,CA642191,506409/4,,
,4432,CA63676,1804921/2,31/01/2030,
,4433,CA63188,507495/2,,
,4434,CA626974,507992/2,,
,4436,CA613362,507498/2,,
,4437,CA611979,507416/2,,
,4438,CA606940,SCRAPPED,07/06/2018,
,4439,CA597678,SCRAPPED,23/12/2015,
,4440,CA601327,74606555/2,,
,4441,CA420789,503855/6,,
,4442,CA437294,503931/3,,
,4443,CA44090,507440/2,,
,4444,CA448691,508123/5,,
,4445,CA533089,507761/5,,
,4446,CA534949,504036/3,,
,4447,CA535938,507994/5,,
,4448,CA542083,507571/6,,
,4449,CA551697,507573/5,,
,4450,CA553536,507759/4,,
,4451,CA557153,507756/5,,
,4452,CA564556,507748/5,,
,4453,CA567702,503968/5,,
,4454,CA580700,507613/3,,
,4455,CA582231,507746/3,,
,4456,CA583399,507662/3,,
,4457,CA590471,503995/3,,
,4458,CA591271,507726/5,,
,4459,CA604966,503932/3,,
,4460,CA606711,507556/6,,
PH,4461,CA109962,504135/3,,PERMIT NOT IN FILE
,4462,CA42276,1847044/1,31/10/2027,
,4463,CA74006,1806933/2,30/09/2029,
,4464,CA601164,506398/5,,
PH,4465,CA717600,504045/3,,PERMIT IN FILE
SG,4466,CA740501,503776/5,,PERMIT IN FILE
,4467,CA780431,SCRAPPED,17/10/2014,
PH,4468,CA780417,504147/3,,
,4469,CA335464,510223/6,,PTO
,4470,CA259166,SCRAPPED,17/10/2019,
,4471,CA275967,504143/3,,
,4472,CA306714,506404/5,,
,4473,CA564179,1901513/2,30/09/2030,
,4474,CA679635,1583349/3,,
,4475,CA69113,507523/6,,
,4476,CA171012,507996/5,,COPY OF PERMIT
,4477,CA117822,506401/6,,
,4478,CA165885,507568/5,,
,4479,CA177992,503975/3,,
,4480,CA192408,507665/3,,
,4481,CA194938,503991/3,,
,4482,CA802368,503876/2,,
,4483,CA805061,507970/4,,
,4484,CA805068,507971/4,,
,4485,CA805073,507703/2,,
,4486,CA805084,503858/5,,
,4487,CA805104,504009/4,,
,4488,CA805092,508122/2,,COPY OF PERMIT
,4489,CA814643,504179/5,,
,4490,CA814658,503799/2,,
,4491,CA814660,SCRAPPED,07/11/2012,
,4492,CA814682,1805967/0,,
,4493,CA814682,507762/3,,
,4494,CA814706,507667/2,,
,4495,CA814718,504200/4,,
,4496,CA828703,507763/5,,COPY OF PERMIT
,4497,CA828727,508015/5,,COPY OF PERMIT
,4498,CA828737,507483/5,,
,4499,CA828760,503990/3,,
,4500,CA500000,503863/4,,
,4501,CA828776,503837/4,,
,4502,CA828782,504022/3,,
,4503,CA421253,SCRAPPED,07/12/2020,
,4504,CA425469,SCRAPPED,17/10/2014,
,4505,CA448848,507502/2,,
,4506,CA421929,503915/5,,
,4507,CA432717,503825/2,,
,4508,CA833588,503803/2,,
,4509,CA463590,506044/4,,
,4510,CA846299,503899/6,,
,4511,CA846307,508574/6,,
,4512,CA847250,503824/3,,
,4513,CA696500,SCRAPPED,18/08/2023,
,4514,CA743773,504166/5,,
,4515,CA788166,505818/6,,
,4516,CA842278,507747/3,,
,4517,CA703836,504144/3,,
,4518,CA703932,505819/6,,
,4519,CA855522,1805232/2,,
,4520,CA85529,746026976/2,,
SG,4521,CA855515,1805231/2,30/11/2029,
SG,4522,CA855504,503925/6,,
SG,4523,CA855500,507586/5,,
SG,4524,CA330184,SCRAPPED,19/04/2016,
SG,4525,CA356807,504011/5,,
SG,4526,CA378901,506400/5,,
SG,4527,CA392621,504127/5,,
SG,4528,CA415316,507405/5,,COPY OF PERMIT
SG,4529,CA422901,1794868/3,30/09/2028,
SG,4530,CA439228,504007/5,,
SG,4531,CA553489,507474/5,,
SG,4532,CA562733,507551/4,,
SG,4533,CA574127,507491/4,,
SG,4534,CA583833,503972/5,,
SG,4535,CA596421,508124/5,,
SG,4536,CA603764,503905/5,,
SG,4537,CA608508,508937/4,,
SG,4538,CA883595,503938/5,,
SG,4539,CA883602,507975/4,,
SG,4540,CA883617,503833/4,,
,4541,CA883632,SCRAPPED,24/05/2018,
,4542,CA883646,504198/1,,
,4543,CA883655,506718/3,,
,4544,CA883668,504233/3,,
,4545,CA730552,507421/4,,
,4546,CA722755,507620/4,,
,4547,CA721480,503903/3,,
,4548,CA721390,504973/3,,
,4549,CA718666,507717/5,,
,4550,CA718600,508581/3,,
,4551,CA717543,507503/4,,
,4552,CA432722,507635/4,,
,4553,CA481485,1794873/3,31/12/2028,
,4554,CA539886,SCRAPPED,10/07/2018,
,4555,CA548762,506413/4,,
,4556,CA962178,SCRAPPED,11/11/2014,
,4557,CA582544,507415/4,,
,4558,CA583214,503848/2,,
,4559,CA918219,507694/4,,
,4560,CA918258,507740/4,,
,4561,CA918266,507507/4,,
,4562,CA918287,505430/4,,
,4563,CA918313,507560/4,,
,4564,CA918329,507508/2,,
,4565,CA918342,507621/4,,
,4566,CA923630,SCRAPPED,25/08/2023,
,4567,CA923634,504036/3,,
,4568,CA923653,1914217/0,31/07/2004,
,4569,CA923660,507404/4,,
,4570,CA923684,507722/5,,
SG,4571,CA923703,507726/5,,
SG,4572,CA923722,503910/4,,
SG,4573,CA927789,507619/2,,
SG,4574,CA927783,507756/5,,
SG,4575,CA927768,507562/3,,
SG,4576,CA927761,504978/4,,
SG,4577,CA97750,504148/2,,
SG,4578,CA927736,507444/4,,
SG,4579,CA927732,508571/5,,
SG,4580,CA465601,504223/4,,
SG,4581,CA475237,510223/5,,
SG,4582,CA511048,507537/6,,
SG,4583,CA526386,503923/5,,
SG,4584,CA536205,503792/2,,
,4585,CA544302,SCRAPPED,25/05/2022,
SG,4586,CA552656,507544/5,,
SG,4587,CA553990,504000/5,,
SG,4588,CA567941,507683/4,,
,4589,CA575583,SCRAPPED,15/03/2018,
SG,4590,CA51753,507746/3,,
,4591,CA962327,SCRAPPED,11/11/2014,
SG,4592,CA52386,504008/5,,
SG,4593,CA52571,503996/3,,
SG,4594,CA52790,507994/5,,
SG,4595,CA52957,504217/4,,
SG,4596,CA53141,507660/5,,
,4597,CAA49770,SCRAPPED,25/11/2019,
AG,4598,CA53459,507662/3,,
AG,4599,CA53710,507750/5,,
AG,4600,CA371471,504035/2,,
AG,4601,CA371574,507540/4,,
AG,4602,CA371584,507748/5,,
AG,4603,CA371605,503793/2,,
AG,4604,CA371668,504025/5,,
AG,4605,CA371713,507659/4,,
AG,4606,CA371967,506714/4,,
AG,4607,CA371979,507993/5,,
AG,4608,CA372063,507759/4,,
,4609,CA372108,SCRAPPED,25/08/2023,
,4610,CA586025,SCRAPPED,10/06/2016,
AG,4611,CA586116,507749/4,,
AG,4612,CA587320,504027/4,,
AG,4613,CA586150,507606/4,,
,4614,CA586218,SCRAPPED,08/08/2019,
AG,4615,CA586745,1784732/4,30/09/2029,
AG,4616,CA586896,504244/2,,
AG,4617,CA586982,504222/5,,
AG,4618,CA54307,507648/4,,
AG,4619,CA82801,507480/5,,
A,4620,CA62100,504180/2,,
A,4621,CA62159,504126/4,,
A,4622,CA62193,503907/4,,
A,4623,CA62229,507406/4,,
A,4624,CA62238,506054/4,,
A,4625,CA62272,507651/4,,
A,4626,CA62438,503989/4,,
A,4627,CA62621,503912/4,,
A,4628,CA62623,503963/4,,
A,4629,CA341626,503935/4,,
A,4630,CA417972,507974/4,,
A,4631,CA418103,507691/4,,
A,4632,CA415184,503885/2,,
A,4633,CA518591,507670/2,,
A,4634,CA40145,507685/4,,
A,4635,CA907331,507531/4,,
,4636,CA907368,SCRAPPED,20/07/2020,
A,4637,CA907515,504193/4,,
A,4638,CA907521,507733/4,,
,4639,CA907455,SCRAPPED,02/03/2023,
A,4640,CA907549,507580/2,,
A,4641,CA907388,507501/2,,
A,4642,CA907589,503857/2,,
A,4643,CA907685,507640/3,,
A,4644,CA907418,507518/4,,
A,4645,CA929190,507437/5,,
A,4646,CA929197,507692/2,,
A,4647,CA929206,506050/5,,
A,4648,CA929228,503969/2,,
A,4649,CA929242,507543/4,,
,4650,CA929262,SCRAPPED,02/02/2018,
A,4651,CA929320,507637/5,,
A,4652,CA929355,507682/5,,
A,4653,CA929391,507436/5,,
A,4654,CA929420,507609/5,,
A,4655,CA942820,503994/2,,
A,4656,CA942823,506408/4,,
A,4657,CA942826,503893/4,,
A,4658,CA942828,503952/4,,
A,4659,CA942831,507552/3,,
A,4660,CA942836,506052/4,,
A,4661,CA942843,507491/3,,
A,4662,CA942853,504119/2,,
,4663,CA942856,SCRAPPED,13/10/2021,
A,4664,CA942859,503832/2,,
A,4665,CA950594,507669/2,,
A,4666,CA950531,504981/2,,
A,4667,CA950558,507705/4,,
A,4668,CA950550,507550/4,,
A,4669,CA950561,507551/3,,
,4670,CA950566,SCRAPPED,08/10/2020,
A,4671,CA950569,506406/4,,
A,4672,CA950572,504189/4,,
A,4673,CA950576,503758/3,,
A,4674,CA950580,504157/3,,
A,4675,CA960366,503919/5,,
A,4676,CA960379,507728/2,,
A,4677,CA960390,507721/5,,
A,4678,CA960397,506713/4,,
A,4679,CA960400,503815/1,,
A,4680,CA960404,506708/4,,
A,4681,CA960412,504141/2,,
A,4682,CA960418,503966/4,,
A,4683,CA960422,507969/4,,
A,4684,CA960427,506097/3,,
A,4685,CA686201,507668/2,,
A,4686,CA247119,1523240/1,,
A,4687,CA252753,507479/4,,
A,4688,CA255349,503830/3,,
A,4689,CA262321,503812/5,,
A,4690,CA273057,503967/4,,
A,4691,CA277937,507524/4,,
A,4692,CA284014,1583344/3,,
A,4693,CA285783,SCRAPPED,07/12/2020,
A,4694,CA290196,507403/2,,
A,4695,CA324248,507615/6,,
A,4696,CA330244,503962/4,,
A,4697,CA333068,503927/2,,
A,4698,CA338928,506397/4,,
A,4699,CA340136,507425/4,,
A,4700,CA348682,504154/2,,
A,4701,CA356244,503999/4,,
A,4702,CA363237,507686/4,,
A,4703,CA367605,504151/2,,
A,4704,CA373973,507627/2,,
A,4705,CA243580,503818/4,,
A,4706,CA250376,507684/4,,
A,4707,CA280942,504010/4,,
A,4708,CA284848,505073/5,,
A,4709,CA306840,505820/5,,
A,4710,CA334837,506709/4,,
A,4711,CA341110,503878/6,,
A,4712,CA386537,503973/2,,
A,4713,CA400850,504136/2,,
A,4714,CA405635,503924/2,,
A,4715,CA614348,505431/5,,
A,4716,CA584047,507407/4,,
A,4717,CA626408,504130/4,,
A,4718,CA618159,508509/4,,
A,4719,CA600819,507976/4,,VEHICLE COPY IN FILE
,4720,CAA31665,SCRAPPED,25/08/2023,
A,4721,CA98417,507752/4,,
A,4722,CA99876,507663/2,,
A,4723,CA104903,503977/2,,
A,4724,CA118163,503822/2,,
A,4725,CA136251,507661/4,,
A,4726,CA126152,503906/4,,
A,4727,CA142994,503852/5,,
A,4728,CA152324,504003/2,,
A,4729,CA163577,503877/4,,
A,4730,CA395112,504034/2,,
A,4731,CA396583,503826/2,,
A,4732,CA397984,503908/4,,
A,4733,CA400052,503908/4,,
A,4734,CA404327,504211/2,,
A,4735,CA30619,1822621/0,,(507618/4)
A,4736,CA59281,507624/4,,
A,4737,CA797282,503795/2,,
,4738,CAA149825,SCRAPPED,18/08/2023,
A,4739,CA27504,503884/4,,
A,4740,CA170631,507478/4,,
A,4741,CA174574,508569/4,,
A,4742,CA752460,504040/5,,
A,4743,CA94778,503947/5,,
A,4744,CA181907,503869/3,,
A,4745,CA618871,507701/4,,
A,4746,CA625070,504242/2,,
A,4747,CA626270,504986/2,,
A,4748,CA635444,504042/5,,
A,4749,CA633495,503798/2,,
A,4750,CA34619,507473/2,,
A,4751,CAA136553,506403/6,,
A,4752,CAA136558,1876256/3,,
,4753,CAA49631,SCRAPPED,25/11/2019,
A,4754,CA52205,507481/4,,
A,4755,CA159183,507477/4,,
A,4756,CA159642,507569/4,,
A,4757,CA169862,504985/5,,
A,4758,CA177436,503926/5,,
A,4759,CA180138,507504/2,,
A,4760,BU54U5WP,503842/3,,
A,4761,CA774631,503757/2,,
A,4762,CA774645,507500/2,,
A,4763,CA774715,503920/5,,
A,4764,CA774747,504231/4,,
A,4765,CA779208,507187/4,,
A,4766,CA779247,SCRAPPED,09/09/2016,
A,4767,CA779285,507757/4,,
A,4768,CA779319,503827/2,,
A,4769,CA779332,504241/5,,
A,4770,CA797971,SCRAPPED,29/08/2018,
A,4771,CA797963,503816/2,,
A,4772,CA797950,507753/4,,
A,4773,CA797920,504183/5,,
A,4774,CA797887,503872/5,,
A,4775,CA42652,507585/4,,
A,4776,CA39792,503853/6,,
A,4777,CA859526,503804/2,,
A,4778,CA859544,503794/2,,
A,4779,CA859557,508021/5,,
A,4780,CA859573,507702/4,,
A,4781,CA558262,1836501/0,,
A,4782,CA561793,503974/4,,
A,4783,CA563067,507681/4,,
A,4784,CA563442,507617/3,,
A,4785,CA567050,507713/4,,
A,4786,CA565468,503943/4,,
A,4787,CA567780,504047/5,,
A,4788,CA881214,604394/2,,
A,4789,CA881192,503828/2,,
A,4790,CA881172,507714/4,,
A,4791,CA881168,508121/4,,
A,4792,CA881165,503978/4,,
A,4793,CA881190,506711/4,,
A,4794,CA881152,505074/5,,
A,4795,CA702912,504239/2,,
A,4796,CA699513,503820/2,,
A,4797,CA683847,507598/5,,
A,4798,CA575664,506717/3,,
A,4799,CA673996,503914/2,,
A,4800,CA671397,507542/3,,
A,4801,CA715100,503783/2,,
A,4802,CA717281,507581/5,,
A,4803,CA922099,507739/2,,
A,4804,CA922142,507623/4,,
A,4805,CA922297,504224/3,,
A,4806,CA922292,509777/2,,
A,4807,CA2742,503767/2,,
A,4808,CA52131,507613/4,,
A,4809,CA559599,503772/6,,
A,4810,CA962072,507712/4,,
A,4811,CA962049,1951722,31/07/2030,
A,4812,CA26313,507442/4,,
A,4813,CA20620,503961/4,,
A,4814,CA80368,503774/3,,
A,4815,CA157121,505435/4,,
A,4816,CA148670,507593/4,,
A,4817,CA123249,506047/2,,
A,4818,CA106839,507583/4,,
A,4819,CA85308,503835/2,,
A,4820,CA202438,507698/3,,
A,4821,CA213692,507426/5,,
A,4822,CA226928,507509/4,,
A,4823,CA2449902,506096/2,,
A,4824,CA255801,507582/2,,
A,4825,CA268052,507700/4,,
A,4826,CA269837,508014/2,,
A,4827,CA277959,507515/4,,
A,4828,CA114444,503889/2,,
A,4829,CA4829,SCRAPPED,19/09/2022,
A,4830,CA40220,503814/1,,
A,4831,CA11413,503883/6,,
A,4832,CA90478,507567/4,,
A,4833,CA96691,507513/3,,
A,4834,CA375992,506095/4,,
A,4835,CA380534,504161/3,,
A,4836,CA33370,1839197/0,,
A,4837,CA9893879,507418/4,,
A,4838,CA983883,507697/4,,
A,4839,CA983884,505017/2,,
AG,4840,CA983885,507561/3,,
AG,4841,CA983888,507529/3,,
AG,4842,CA983893,507555/4,,
AG,4843,CA983894,505016/4,,
AG,4844,CA15672,506724/4,,
AG,4845,CA24034,1841327/0,,
,4846,CA4846,SCRAPPED,13/09/2022,
AG,4847,CA24953,507962/4,,
AG,4848,CA28796,506061/4,,
AG,4849,CA42915,506702/4,,
AG,4850,CA47338,503836/2,,
AG,4851,CA52290,508005/4,,
AG,4852,CCA19264,507554/3,,
AG,4853,CA96730,506410/4,,
AG,4854,CA738291,503859/5,,
AG,4855,CA741586,503834/2,,
AG,4856,CA743628,507731/4,,
,4857,CA767550,SCRAPPED,08/12/2022,
AG,4858,CA767800,507816/4,,
AG,4859,CA769790,503913/4,,
AG,4860,CA990568,503942/5,,
AG,4861,CA990570,503790/2,,
AG,4862,CA990572,503987/5,,
AG,4863,CA990577,507443/5,,
AG,4864,CA990579,503939/5,,
AG,4865,CA990583,503895/6,,
AG,4866,CA990585,507725/3,,
AG,4867,CA990586,503879/5,,
AG,4868,CA88758,503933/2,,
,4869,CA90601,SCRAPPED,28/03/2018,
AG,4870,CA34337,503896/2,,
AG,4871,CA10596,507638/4,,
AG,4872,CA100466,507499/3,,
AG,4873,CA112690,504975/6,,
AG,4874,CA117965,507716/4,,
AG,4875,CA120653,503809/2,,
AG,4876,CA130845,507592/3,,
AG,4877,CA131636,507488/2,,
AG,4878,CA416781,506411/4,,
AG,4879,CA419392,504208/4,,
AG,4880,CA443172,504212/4,,
AG,4881,CA477846,505439/2,,
,4882,CA482647,SCRAPPED,21/06/2021,
AG,4883,CA493694,506053/4,,
AG,4884,CA508138,503823/2,,
AG,4885,CA80949,506399/4,,
AG,4886,CA244458,1773418/3,,
AG,4887,CA240783,1794856/3,31/10/2028,
SG,4888,CA236079,1773405/4,31/08/2029,
SG,4889,CA221822,503808/2,,
SG,4890,CA217361,503958/2,,
SG,4891,CA214648,503934/2,,
SG,4892,CA70932,507738/4,,
SG,4893,CA97198,503888/5,,
SG,4894,CA97233,507653/4,,
SG,4895,CA97949,506402/4,,
,4896,CA4896,SCRAPPED,19/09/2022,
SG,4897,CA99507,504118/4,,
SG,4898,CA100009,503917/5,,
SG,4899,CA61344,1773645/4,31/07/2029,
SG,4900,CA736896,503765/3,,
SG,4901,CA377120,503789/2,,
SG,4902,CA377294,507475/5,,
SG,4903,CA377332,507723/5,,
SG,4904,CA377350,504228/4,,
SG,4905,CA151115,506720/4,,
SG,4906,CA21039,503839/4,,
,4907,CA113344,SCRAPPED,25/05/2022,
SG,4908,CA36419,506707/4,,
SG,4909,CA565188,506058/4,,
SG,4910,CA565023,506057/4,,
SG,4911,CA54359,503819/2,,
SG,4912,CA430575,504037/5,,
SG,4913,CA429584,506407/4,,
SG,4914,CA425661,504013/5,,
SG,4915,CA424543,503847/2,,
SG,4916,CA798,504167/4,,
SG,4917,CA247,503768/2,,
SG,4918,CA89077,507636/3,,
SG,4919,CA85701,504236/5,,
SG,4920,CA752107,503805/2,,
SG,4921,CA54292,507744/4,,
,4922,CA80349,SCRAPPED,13/04/2021,
SG,4923,CA565149,507602/4,,
SG,4924,CA565234,507672/4,,
SG,4925,CA565247,507671/4,,
SG,4926,CA565338,508020/4,,
SG,4927,CA581145,507591/3,,
SG,4928,CA581182,503929/2,,
SG,4929,CA581190,503887/2,,
SG,4930,CA581307,506703/4,,
SG,4931,CA581436,509775/2,,
SG,4932,CA581482,508023/4,,
PH,4933,CA581544,504220/4,,
PH,4934,CA581656,507596/2,,
PH,4935,CA581662,507566/4,,
PH,4936,CA581711,504971/6,,
PH,4937,CA449835,507594/3,,
PH,4938,CA471741,504987/5,,
PH,4939,CA474536,503797/2,,
PH,4940,CA492262,503880/3,,
PH,4941,CA502356,504205/4,,
PH,4942,CA100001,504185/3,,
PH,4943,CA75550,507548/4,,
PH,4944,CA195276,503860/5,,
PH,4945,CA198950,503850/2,,
PH,4946,CA216268,504140/2,,
PH,4947,CA219085,507432/4,,
PH,4948,CA286509,503845/2,,
PH,4949,CA332476,503840/3,,
PH,4950,CA391277,508575/4,,NOT IN FILE ? PERMIT
PH,4951,CA429475,505018/4,,
,4952,CA745751,SCRAPPED,09/07/2019,
PH,4953,CA745891,507715/2,,
PH,4954,CA745908,507431/5,,
PH,4955,CA745934,507649/4,,
PH,4956,CA745949,507736/4,,
PH,4957,CA355262,503807/2,,
PH,4958,CA373334,504155/5,,
PH,4959,CA367534,503956/5,,
PH,4960,CA365287,507603/4,,
PH,4961,CA359592,504160/4,,
PH,4962,CA103567,503916/5,,
PH,4963,CA130899,504122/4,,
PH,4964,CA138481,503801/2,,
PH,4965,CA147663,503846/3,,
PH,4966,CA160625,503984/5,,
PH,4967,CA318588,504170/4,,
AG,4968,CA344193,506433/4,,
AG,4969,CA346774,506434/4,,
AG,4970,CA370838,503856/4,,
AG,4971,CA371156,503866/5,,
AG,4972,CA239686,507961/4,,
AG,4973,CA254530,504016/5,,
,4974,CA259267,SCRAPPED,09/07/2019,
AG,4975,CA280215,504153/2,,
AG,4976,CA302087,507813/5,,
AG,4977,CA751057,503976/2,,
AG,4978,CA661256,507755/3,,
AG,4979,CA673963,503779/4,,
AG,4980,CA685701,503928/4,,
AG,4981,CA690959,503800/2,,
SG,4982,CA22625,507680/3,,
SG,4983,CA22625,507429/3,,
SG,4984,CA871979,504209/4,,
SG,4985,CA872062,SCRAPPED,25/08/2023,
SG,4986,CA872093,503764/3,,
A,5001,CA943766,507430/5,,
A,5002,CA943779,507607/5,,
A,5003,CA943814,504162/4,,
A,5004,CA943836,506395/4,,
A,5005,CA375939,507512/5,,
A,5006,CA383212,504169/3,,
A,5007,CA389107,504245/5,,
A,5008,CA397465,504203/5,,
A,5009,CA993536,1892858/0,,
A,5010,CA4272,504168/3,,
A,5011,CA45786,1893113/0,,
A,5012,CA994459,507573/7,,
A,5013,CA927725,506409/4,,
A,5014,CA928862,504142/3,,
A,5015,CA929474,507553/5,,
A,5016,CA929850,503761/6,,
A,5017,CA192016,504204/5,,
A,5018,CA192585,504238/5,,
A,5019,CA198402,1773452/4,,
A,5020,CA199548,503945/6,,
A,5021,CA99674,1854512/1,,
A,5022,CA99814,507695/5,,
A,5023,CA99822,503865/6,,
A,5024,CA99957,503998/5,,
A,5025,CA39027,506698/4,,
A,5026,CA391009,504230/5,,
A,5027,CA391077,504139/5,,
A,5028,CA391143,507625/3,,
A,5029,CA648170,506715/5,,
A,5030,CA648184,507578/3,,
A,5031,CA648412,504983/4,,
A,5032,CA648556,507420/3,,
A,5033,CA853418,507417/4,,
A,5034,CA853543,505818/6,,
A,5035,CA853831,506412/4,,
A,5036,CA258760,508009/4,,
A,5037,CA258848,507565/5,,
A,5038,CA258886,503849/3,,
A,5039,CA259264,508570/5,,
A,5040,CA260029,507419/5,,
A,5041,CA998858,504201/5,,
A,5042,CA998959,507428/5,,
A,5043,CA99151,503861/3,,
A,5044,CA999255,508013/5,,
A,5045,CA201931,506710/6,,
A,5046,CA202720,508008/4,,
A,5047,CA203784,504215/5,,
A,5048,CA204355,504043/7,,
A,5049,CA204505,507734/6,,
P,5050,CA205020,503775/5,,
P,5051,CA205232,507530/5,,
P,5052,CA361640,507963/5,,
P,5053,CA362517,508012/5,,
P,5054,CA363263,503771/4,,
P,5055,CA363798,508572/5,,
P,5056,CA364555,506722/5,,
,5057,CA364795,SCRAPPED,25/11/2019,
P,5058,CA365593,505433/5,,
P,5059,CA368579,303949/5,,
P,5060,CA371457,507423/5,,
P,5061,CA380487,507417/5,,
P,5062,CA382786,504020/3,,
P,5063,CA384120,506396/5,,
P,5064,CA384502,503769/3,,
P,5065,CA47329,504039/4,,
P,5066,CA780532,507516/2,,
P,5067,CA785588,504023/3,,
P,5068,CA785983,1904605/0,,
P,5069,CA786191,503862/6,,
P,5070,CA787231,508007/5,,
P,5071,CA61386,507631/5,,
P,5072,CA61699,503851/3,,
P,5073,CA61732,503813/4,,
P,5074,CA61852,507965/5,,
P,5075,CA62088,506723/5,,
P,5076,CA323999,1905655/0,30/11/2023,RENEWAL
P,5077,CA131760,1905695/0,30/11/2023,RENEWAL
P,5078,CA132381,1905680/0,30/11/2023,RENEWAL
P,5079,CA324589,1905658/0,30/11/2023,RENEWAL
P,5080,CA132400,1905678/0,30/11/2023,RENEWAL
P,5081,CA18093,504171/6,,
P,5082,CA46924,507967/6,,
P,5083,CA48317,1907451/0,,
P,5084,CAA59676,SCRAPPED,19/08/2019,
P,5085,CA49018,1794851,31/12/2028,
P,5086,CA222764,1907759/0,31/01/2024,
P,5087,CA220818,1907760/0,31/01/2024,
P,5088,CA224842,1907761/0,31/01/2024,
P,5089,CA222319,1907765/0,31/01/2024,
P,5090,CA218678,1907762/0,31/01/2024,
P,5091,CA941919,1908770/0,28/02/2024,
P,5092,CA941994,507704/5,,
P,5093,CA942020,1908766/0,28/02/2024,
P,5094,CA942257,1908772/0,28/02/2024,
P,5095,CA942651,1908771/0,28/02/2024,
P,5096,CA360061,509776/3,,
P,5097,CAA275406,SCRAPPED,31/08/2023,
P,5098,CA362221,503950/6,,
P,5099,CA364063,1899319/2,31/07/2030,PTO
P,5100,CA46387,503784/4,,
S,5101,CAA11778,506045/6,,
S,5102,CAA11780,1907449/1,31/12/2023,
S,5103,CAA11786,504028/5,,
S,5104,CAA11787,504172/6,,
S,5105,CAA11789,508575/5,,
S,5106,CAA21893,507510/4,,
S,5107,CAA21898,503957/6,,
S,5108,CAA21899,506048/5,,
S,5109,CAA21902,1773711/4,31/07/2029,
S,5110,CAA21909,1773718/4,31/08/2029,
SG,5111,CAA44286,503948/6,,
SG,5112,CAA44293,508006/5,,
SG,5113,CAA44296,503941/6,,
SG,5114,CAA44298,504175/6,,
SG,5115,CAA44299,504015/6,,
SG,5116,CAA47949,504117/6,,
SG,5117,CAA47954,507972/6,,
SG,5118,CAA47956,507966/6,,
SG,5119,CAA47959,504176/6,,
SG,5120,CA5121,SCRAPPED,22/09/20,
SG,5121,CAA59688,504225/4,,
SG,5122,CAA59697,505438/5,,
SG,5123,CAA59704,1915424/0,,
SG,5124,CAA59701,1915422/0,31/08/2024,
SG,5125,CAA59704,1915424/0,31/08/2024,
SG,5126,CAA70804,1896618/2,31/08/2027,
SG,5127,CAA70812,504004/6,,
SG,5128,CAA70818,503770/5,,
SG,5129,CAA70825,504018/6,,
SG,5130,CAA70833,1907450/1,31/12/2023,
SG,5131,CA40222,507973/5,,
SG,5132,CAA83544,1863697/2,31/08/2028,
SG,5133,CAA83594,506721/6,,
SG,5134,CAA83556,504121/3,,
SG,5135,CAA83562,503780/3,,
SG,5136,CA46751,503787/3,,
SG,5137,CA53296,507494/4,,
SG,5138,CAA50156,507577/4,,
SG,5139,CAA50308,503781/3,,
SG,5140,CAA50430,507629/3,,
SG,5141,CAA109381,1919121,01/01/2025,
SG,5142,CAA109384,507526/7,,
SG,5143,CAA109390,506394/6,,
SG,5144,CAA109393,18762561/2,14/10/2021,
SG,5145,CAA109398,503786/4,,
SG,5146,CAA121260,503777/5,,
SG,5147,CAA121272,504210/5,,
SG,5148,CAA121296,507654/6,,
SG,5149,CAA121305,504190/6,,
SG,5150,CAA121311,507727/3,,
TG,5151,CA53084,504976/6,,
TG,5152,CAA147853,504219/5,,
TG,5153,CAA147856,503838/4,,
TG,5154,CAA147867,503981/3,,
TG,5155,CAA147882,507584/7,,
TG,5156,CAA147894,507482/3,,
TG,5157,CAA147898,504207/5,,
TG,5158,CAA147902,1784724/5,,
TG,5159,CAA147908,503890/6,,
TG,5160,CAA147917,507558/6,,
TG,5161,CAA157600,507492/3,,
TG,5162,CAA157605,504218/5,,
TG,5163,CAA157609,507658/3,,
TG,5164,CAA157613,508576/6,,
TG,5165,CAA157615,1863701/2,31/08/2028,
TG,5166,CAA165079,507968/6,,
TG,5167,CAA165080,504974/4,,
TG,5168,CAA165081,1863997/2,31/08/2028,
TG,5169,CA26011,1773577/5,31/11/2029,
TG,5170,CA518180,1921889/0,,
TG,5171,CA47951,1571745/5,30/11/2028,
TG,5172,CA57205,1864038/2,31/08/2028,
TG,5173,CAA342160,1863994/2,31/08/2028,
TG,5174,CAA370854,1863699/2,31/08/2028,
TG,5175,CAA348298,1863993/2,31/08/2028,
TG,5176,CA49535,1863991/2,31/08/2028,
AG,5177,CA66664,1805245/3,31/07/2029,
AG,5178,CA54311,1940404,31/08/2029,
AG,5179,CA96135,504213/3,,
AG,5180,CA42419,1863246/2,31/07/2028,
AG,5181,CA19071,1863686/2,31/08/2028,
SG,5182,CA10846,504214/6,,
PH,5183,CA24591,1773800/4,31/07/2029,
SG,5184,CA18177,1773624/4,30/11/2029,
PH,5185,CA30927,507579/7,,
SG,5186,CA44297,1863988/2,31/08/2028,
PH,5187,CA35780,503870/6,,
SG,5188,CA16991,504234/4,,
PH,5189,CA21665,507414/3,,
SG,5190,CA21395,504186/4,,
PH,5191,CA34514,507599/5,,
SG,5192,CA23040,507730/7,,
PH,5193,CAA449745,503763/3,,
SG,5194,CAA449752,505019/3,,
PH,5195,CAA449758,508004/6,,
SG,5196,CAA449759,1946088,28/02/2030,
PH,5197,CAA449762,503979/7,,
SG,5198,CA24885,1946471,28/02/2030,
PH,5199,CA98339,1946470,28/02/2030,
SG,5200,CA28302,1946469,28/02/2030,
PH,5201,CA48573,1946468,28/02/2030,
SG,5202,CA39891,1946467,28/02/2030,
PH,5203,CA11738,1949160,31/05/2030,
SG,5204,CA28329,1949161,01/06/2030,
PH,5205,CA20815,1949157,31/05/2030,
SG,5206,CA86870,1949158,31/05/30,
PH,5207,CA799,1949159,31/05/2030,
,5208,CAA183661,1951726,31/07/2030,
,5209,CAA237491,1951725,31/07/2030,
,5210,CAA237550,1951724,31/07/2030,
,5211,CAA241749,1951723,31/07/2030,
,5212,CAA254486,1951721,31/07/2030,
,5213,CAA102706,1794872/3,31/10/2028,
,5214,CAA108408,1794871/3,31/01/2029,
,5215,CAA114861,1794874/3,31/01/2029,
,5216,CAA132452,1805240/3,31/07/2029,
,5217,CAA138372,1804961/3,31/08/2029,
,5218,CAA495104,1805247/3,31/10/2029,
,5219,CAA495108,1784734/4,30/09/2029,
,5220,CAA495110,1784722/4,30/09/2029,
,5221,CAA495115,1794848/3,31/10/2028,
,5222,CAA495133,1794876/3,31/12/2028,
,5223,CAA33164,1773765/4,31/10/2029,
,5224,CA47962,1896617/2,31/08/2027,
,5225,CA53072,1794863/4,30/09/2028,
,5226,CA89858,1951727/1,31/07/2030,
,5227,CA92524,1805235/3,31/07/2029,